mean_fit_time,std_fit_time,mean_score_time,std_score_time,param_max_depth,param_max_features,param_max_samples,param_min_samples_split,params,split0_test_score,split1_test_score,split2_test_score,split3_test_score,split4_test_score,mean_test_score,std_test_score,rank_test_score
0.4729058265686035,0.14159714801400147,0.020217514038085936,0.00589797991517444,3,0.7,0.7,0.01,"{'max_depth': 3, 'max_features': 0.7, 'max_samples': 0.7, 'min_samples_split': 0.01}",0.7584650112866818,0.7923250564334086,0.7607223476297968,0.7787810383747178,0.7850678733031674,0.7750722654055545,0.013364482795605974,203
0.3998220920562744,0.015887488534932805,0.021472454071044922,0.004902163687402449,3,0.7,0.7,0.03,"{'max_depth': 3, 'max_features': 0.7, 'max_samples': 0.7, 'min_samples_split': 0.03}",0.7426636568848759,0.7832957110609481,0.7584650112866818,0.781038374717833,0.7828054298642534,0.7696536367629183,0.016384947147305592,228
0.5116861820220947,0.10171156990376631,0.01928234100341797,0.0009686644718660281,3,0.7,0.7,0.07,"{'max_depth': 3, 'max_features': 0.7, 'max_samples': 0.7, 'min_samples_split': 0.07}",0.7516930022573364,0.7878103837471784,0.7584650112866818,0.7697516930022573,0.7828054298642534,0.7701051040315414,0.013779676021403661,224
0.5970297813415527,0.08463564305348514,0.027489948272705077,0.004235187019520551,3,0.7,0.7,0.1,"{'max_depth': 3, 'max_features': 0.7, 'max_samples': 0.7, 'min_samples_split': 0.1}",0.744920993227991,0.7878103837471784,0.7562076749435666,0.7652370203160271,0.7782805429864253,0.7664913230442376,0.015271502074616234,245
0.5009034633636474,0.09411288147283216,0.02726755142211914,0.004753037467600012,3,0.7,0.8,0.01,"{'max_depth': 3, 'max_features': 0.7, 'max_samples': 0.8, 'min_samples_split': 0.01}",0.7629796839729119,0.7855530474040632,0.7584650112866818,0.7832957110609481,0.7918552036199095,0.7764297314689028,0.0132057314024065,196
0.39716806411743166,0.009627226002451257,0.017509651184082032,0.002086129822610277,3,0.7,0.8,0.03,"{'max_depth': 3, 'max_features': 0.7, 'max_samples': 0.8, 'min_samples_split': 0.03}",0.744920993227991,0.781038374717833,0.7674943566591422,0.7832957110609481,0.7895927601809954,0.7732684391693819,0.0159016933484445,209
0.5185588836669922,0.0902726190164384,0.020926427841186524,0.004421199873227064,3,0.7,0.8,0.07,"{'max_depth': 3, 'max_features': 0.7, 'max_samples': 0.8, 'min_samples_split': 0.07}",0.744920993227991,0.7742663656884876,0.7562076749435666,0.781038374717833,0.7873303167420814,0.7687527450639918,0.015822730849862042,234
0.4286797523498535,0.08166214903937205,0.016368865966796875,0.0029218952464119844,3,0.7,0.8,0.1,"{'max_depth': 3, 'max_features': 0.7, 'max_samples': 0.8, 'min_samples_split': 0.1}",0.7471783295711061,0.7878103837471784,0.7584650112866818,0.7720090293453724,0.7850678733031674,0.7701061254507012,0.015505580071300951,223
0.4318807125091553,0.0509970212639585,0.018738698959350587,0.006234431323997978,3,0.7,0.9,0.01,"{'max_depth': 3, 'max_features': 0.7, 'max_samples': 0.9, 'min_samples_split': 0.01}",0.7539503386004515,0.7855530474040632,0.7584650112866818,0.7652370203160271,0.7918552036199095,0.7710121242454265,0.015018380754970317,219
0.44428057670593263,0.06597191881172074,0.019522571563720705,0.0017432556921633169,3,0.7,0.9,0.03,"{'max_depth': 3, 'max_features': 0.7, 'max_samples': 0.9, 'min_samples_split': 0.03}",0.7607223476297968,0.7923250564334086,0.7629796839729119,0.7855530474040632,0.7895927601809954,0.7782345791242351,0.013568344657134778,194
0.42610907554626465,0.05856557309593402,0.016316890716552734,0.0013881923109228937,3,0.7,0.9,0.07,"{'max_depth': 3, 'max_features': 0.7, 'max_samples': 0.9, 'min_samples_split': 0.07}",0.744920993227991,0.7855530474040632,0.7539503386004515,0.7787810383747178,0.7828054298642534,0.7692021694942953,0.016530871100042387,231
0.45489797592163084,0.07829351359958908,0.021869516372680663,0.007653974186459747,3,0.7,0.9,0.1,"{'max_depth': 3, 'max_features': 0.7, 'max_samples': 0.9, 'min_samples_split': 0.1}",0.7471783295711061,0.7855530474040632,0.7607223476297968,0.7629796839729119,0.7828054298642534,0.7678477676884263,0.014414604467234027,240
0.4007557392120361,0.010459402007591975,0.015715789794921876,0.0001900507100974403,3,0.7,1.0,0.01,"{'max_depth': 3, 'max_features': 0.7, 'max_samples': 1.0, 'min_samples_split': 0.01}",0.7562076749435666,0.7900677200902935,0.7674943566591422,0.7765237020316027,0.7873303167420814,0.7755247540933372,0.012565857680676196,201
0.41780905723571776,0.03212815632948329,0.01549835205078125,0.0002450724232035629,3,0.7,1.0,0.03,"{'max_depth': 3, 'max_features': 0.7, 'max_samples': 1.0, 'min_samples_split': 0.03}",0.7562076749435666,0.7900677200902935,0.7562076749435666,0.781038374717833,0.7873303167420814,0.7741703522874681,0.014955910231953239,204
0.39478025436401365,0.011865354121399524,0.019285202026367188,0.00606602268621401,3,0.7,1.0,0.07,"{'max_depth': 3, 'max_features': 0.7, 'max_samples': 1.0, 'min_samples_split': 0.07}",0.7494356659142212,0.7787810383747178,0.7629796839729119,0.781038374717833,0.7963800904977375,0.7737229706954842,0.016110466445965633,206
0.407216739654541,0.015739784372190934,0.015621757507324219,1.7494140937656537e-06,3,0.7,1.0,0.1,"{'max_depth': 3, 'max_features': 0.7, 'max_samples': 1.0, 'min_samples_split': 0.1}",0.744920993227991,0.7878103837471784,0.7584650112866818,0.7787810383747178,0.7805429864253394,0.7701040826123817,0.015921239563933234,225
0.46631731986999514,0.09076446063137629,0.02187628746032715,0.007646509112612238,3,0.8,0.7,0.01,"{'max_depth': 3, 'max_features': 0.8, 'max_samples': 0.7, 'min_samples_split': 0.01}",0.7539503386004515,0.7832957110609481,0.7539503386004515,0.781038374717833,0.7895927601809954,0.7723655046321358,0.01529511753334735,213
0.3965357780456543,0.0060626978467066064,0.015607547760009766,1.536007879494488e-05,3,0.8,0.7,0.03,"{'max_depth': 3, 'max_features': 0.8, 'max_samples': 0.7, 'min_samples_split': 0.03}",0.7516930022573364,0.7900677200902935,0.7584650112866818,0.7855530474040632,0.7963800904977375,0.7764317743072224,0.017899069110516672,195
0.39825191497802737,0.008891863930998695,0.01864018440246582,0.006303730936996556,3,0.8,0.7,0.07,"{'max_depth': 3, 'max_features': 0.8, 'max_samples': 0.7, 'min_samples_split': 0.07}",0.7358916478555305,0.781038374717833,0.7607223476297968,0.7629796839729119,0.7895927601809954,0.7660449628714134,0.018580902728944415,246
0.4175985336303711,0.03366373689664971,0.015628671646118163,1.619394029596275e-05,3,0.8,0.7,0.1,"{'max_depth': 3, 'max_features': 0.8, 'max_samples': 0.7, 'min_samples_split': 0.1}",0.7426636568848759,0.7765237020316027,0.7607223476297968,0.7539503386004515,0.7828054298642534,0.763333095002196,0.014664526793640642,256
0.43072056770324707,0.029981722916994264,0.01874651908874512,0.006248521931259239,3,0.8,0.8,0.01,"{'max_depth': 3, 'max_features': 0.8, 'max_samples': 0.8, 'min_samples_split': 0.01}",0.7539503386004515,0.7878103837471784,0.7562076749435666,0.7832957110609481,0.7828054298642534,0.7728139076432796,0.01460269986149294,212
0.4815016746520996,0.06739294078096326,0.018737983703613282,0.006252329302110344,3,0.8,0.8,0.03,"{'max_depth': 3, 'max_features': 0.8, 'max_samples': 0.8, 'min_samples_split': 0.03}",0.7652370203160271,0.781038374717833,0.7584650112866818,0.7832957110609481,0.7873303167420814,0.7750732868247143,0.01118939025564485,202
0.4144615650177002,0.009689654185555866,0.018749523162841796,0.006265737075943102,3,0.8,0.8,0.07,"{'max_depth': 3, 'max_features': 0.8, 'max_samples': 0.8, 'min_samples_split': 0.07}",0.7426636568848759,0.781038374717833,0.7539503386004515,0.781038374717833,0.7850678733031674,0.7687517236448321,0.017133642667900423,235
0.41464600563049314,0.010612714717337633,0.01560678482055664,1.499848057426205e-05,3,0.8,0.8,0.1,"{'max_depth': 3, 'max_features': 0.8, 'max_samples': 0.8, 'min_samples_split': 0.1}",0.7494356659142212,0.7787810383747178,0.7629796839729119,0.7765237020316027,0.7873303167420814,0.771010081407107,0.013319763907690477,221
0.45180387496948243,0.05702637712806262,0.017724227905273438,0.004205847017611207,3,0.8,0.9,0.01,"{'max_depth': 3, 'max_features': 0.8, 'max_samples': 0.9, 'min_samples_split': 0.01}",0.7562076749435666,0.7900677200902935,0.7674943566591422,0.7832957110609481,0.7941176470588235,0.7782366219625547,0.014271979499258479,192
0.4287545680999756,0.020336339065764337,0.018888330459594725,0.006514398264960562,3,0.8,0.9,0.03,"{'max_depth': 3, 'max_features': 0.8, 'max_samples': 0.9, 'min_samples_split': 0.03}",0.7607223476297968,0.7855530474040632,0.7652370203160271,0.781038374717833,0.7873303167420814,0.7759762213619602,0.010901995950115914,198
0.6361481189727783,0.31183540947268723,0.022084426879882813,0.004095447233870935,3,0.8,0.9,0.07,"{'max_depth': 3, 'max_features': 0.8, 'max_samples': 0.9, 'min_samples_split': 0.07}",0.7471783295711061,0.7855530474040632,0.7607223476297968,0.7629796839729119,0.7850678733031674,0.7683002563762091,0.01490423268261623,237
0.4289992809295654,0.023634290021611166,0.016598987579345702,0.001119360511325531,3,0.8,0.9,0.1,"{'max_depth': 3, 'max_features': 0.8, 'max_samples': 0.9, 'min_samples_split': 0.1}",0.7381489841986456,0.7765237020316027,0.7607223476297968,0.7720090293453724,0.7828054298642534,0.7660418986139341,0.01570224907001924,247
0.4321885585784912,0.006932481846971687,0.0171811580657959,0.0019182278607942909,3,0.8,1.0,0.01,"{'max_depth': 3, 'max_features': 0.8, 'max_samples': 1.0, 'min_samples_split': 0.01}",0.7584650112866818,0.7832957110609481,0.7562076749435666,0.7539503386004515,0.7873303167420814,0.7678498105267458,0.01438662617337004,239
0.4337335109710693,0.014195931004157879,0.015816783905029295,0.0002387906794797112,3,0.8,1.0,0.03,"{'max_depth': 3, 'max_features': 0.8, 'max_samples': 1.0, 'min_samples_split': 0.03}",0.7471783295711061,0.7878103837471784,0.7584650112866818,0.7765237020316027,0.7782805429864253,0.7696515939245988,0.01470791298168084,229
0.5748944759368897,0.10841345179086949,0.02063589096069336,0.005904910376224719,3,0.8,1.0,0.07,"{'max_depth': 3, 'max_features': 0.8, 'max_samples': 1.0, 'min_samples_split': 0.07}",0.7426636568848759,0.7855530474040632,0.7562076749435666,0.781038374717833,0.7782805429864253,0.7687486593873528,0.016504454009994892,236
0.4677104473114014,0.06105234238527475,0.017098331451416017,0.0013669202109024073,3,0.8,1.0,0.1,"{'max_depth': 3, 'max_features': 0.8, 'max_samples': 1.0, 'min_samples_split': 0.1}",0.744920993227991,0.7832957110609481,0.7629796839729119,0.781038374717833,0.7873303167420814,0.7719130159443531,0.015867607224671888,217
0.41864423751831054,0.011697491278917192,0.01562051773071289,9.81867803667736e-07,3,0.9,0.7,0.01,"{'max_depth': 3, 'max_features': 0.9, 'max_samples': 0.7, 'min_samples_split': 0.01}",0.7584650112866818,0.7832957110609481,0.7629796839729119,0.7787810383747178,0.7873303167420814,0.7741703522874681,0.011398281069213588,204
0.41363797187805174,0.016818607090607195,0.015621614456176759,7.599533772711385e-07,3,0.9,0.7,0.03,"{'max_depth': 3, 'max_features': 0.9, 'max_samples': 0.7, 'min_samples_split': 0.03}",0.7607223476297968,0.7787810383747178,0.7629796839729119,0.7652370203160271,0.7963800904977375,0.7728200361582382,0.013351392706610763,211
0.4030277252197266,0.011663951459280671,0.015630483627319336,1.4899921365657329e-05,3,0.9,0.7,0.07,"{'max_depth': 3, 'max_features': 0.9, 'max_samples': 0.7, 'min_samples_split': 0.07}",0.7336343115124153,0.7765237020316027,0.7584650112866818,0.7652370203160271,0.7873303167420814,0.7642380723777616,0.018193981181812882,253
0.43739495277404783,0.05501991125937031,0.018738794326782226,0.006252161973370019,3,0.9,0.7,0.1,"{'max_depth': 3, 'max_features': 0.9, 'max_samples': 0.7, 'min_samples_split': 0.1}",0.7426636568848759,0.7787810383747178,0.7652370203160271,0.7765237020316027,0.7963800904977375,0.7719171016209921,0.017704009348483186,214
0.4342790126800537,0.018218287933827314,0.015621042251586914,1.0726186637117378e-06,3,0.9,0.8,0.01,"{'max_depth': 3, 'max_features': 0.9, 'max_samples': 0.8, 'min_samples_split': 0.01}",0.7652370203160271,0.7878103837471784,0.7584650112866818,0.7652370203160271,0.7895927601809954,0.7732684391693819,0.012853796818592245,209
0.42177519798278806,0.009902350676383172,0.015621471405029296,1.2470909910795232e-06,3,0.9,0.8,0.03,"{'max_depth': 3, 'max_features': 0.9, 'max_samples': 0.8, 'min_samples_split': 0.03}",0.7516930022573364,0.7878103837471784,0.7652370203160271,0.7787810383747178,0.7850678733031674,0.7737178635996853,0.01349130685390283,208
0.4124019622802734,0.012513859727462207,0.018745231628417968,0.0062479734645949315,3,0.9,0.8,0.07,"{'max_depth': 3, 'max_features': 0.9, 'max_samples': 0.8, 'min_samples_split': 0.07}",0.7336343115124153,0.7832957110609481,0.7674943566591422,0.7562076749435666,0.7873303167420814,0.7655924741836307,0.019488222956838483,250
0.4124094009399414,0.012502034127667786,0.015614604949951172,1.387800942213775e-05,3,0.9,0.8,0.1,"{'max_depth': 3, 'max_features': 0.9, 'max_samples': 0.8, 'min_samples_split': 0.1}",0.7494356659142212,0.7697516930022573,0.7584650112866818,0.7607223476297968,0.7895927601809954,0.7655934956027906,0.013629923971704584,249
0.43739094734191897,0.009858149684587566,0.015627050399780275,1.1501169915528364e-05,3,0.9,0.9,0.01,"{'max_depth': 3, 'max_features': 0.9, 'max_samples': 0.9, 'min_samples_split': 0.01}",0.7539503386004515,0.7832957110609481,0.7629796839729119,0.781038374717833,0.7873303167420814,0.7737188850188452,0.012935899401678816,207
0.42489018440246584,0.011690715882613093,0.018746662139892577,0.006247616088981196,3,0.9,0.9,0.03,"{'max_depth': 3, 'max_features': 0.9, 'max_samples': 0.9, 'min_samples_split': 0.03}",0.7494356659142212,0.7855530474040632,0.7629796839729119,0.7652370203160271,0.7895927601809954,0.7705596355576437,0.014960415931770036,222
0.4405215740203857,0.022950092183469575,0.015621376037597657,1.9798793308283513e-06,3,0.9,0.9,0.07,"{'max_depth': 3, 'max_features': 0.9, 'max_samples': 0.9, 'min_samples_split': 0.07}",0.7471783295711061,0.7765237020316027,0.7629796839729119,0.7765237020316027,0.7828054298642534,0.7692021694942953,0.012775188617853461,231
0.4342714786529541,0.02688721102371026,0.015620803833007813,1.4666134356717776e-06,3,0.9,0.9,0.1,"{'max_depth': 3, 'max_features': 0.9, 'max_samples': 0.9, 'min_samples_split': 0.1}",0.7426636568848759,0.7742663656884876,0.7562076749435666,0.7742663656884876,0.7850678733031674,0.766494387301717,0.015096369375942111,244
0.4436515808105469,0.012491280758310873,0.015615701675415039,1.397629151718297e-05,3,0.9,1.0,0.01,"{'max_depth': 3, 'max_features': 0.9, 'max_samples': 1.0, 'min_samples_split': 0.01}",0.7584650112866818,0.7855530474040632,0.7584650112866818,0.7832957110609481,0.7918552036199095,0.7755267969316569,0.014210613280579121,199
0.44052653312683104,0.011696380598985307,0.01562190055847168,8.120244200671387e-07,3,0.9,1.0,0.03,"{'max_depth': 3, 'max_features': 0.9, 'max_samples': 1.0, 'min_samples_split': 0.03}",0.7539503386004515,0.7900677200902935,0.7629796839729119,0.781038374717833,0.7895927601809954,0.775525775512497,0.014578345932453725,200
0.4311473846435547,0.007637758196781328,0.018752861022949218,0.006262874681327238,3,0.9,1.0,0.07,"{'max_depth': 3, 'max_features': 0.9, 'max_samples': 1.0, 'min_samples_split': 0.07}",0.7471783295711061,0.7832957110609481,0.7562076749435666,0.7787810383747178,0.7895927601809954,0.7710111028262668,0.01639331599198548,220
0.4342645168304443,0.006228158769933278,0.015628957748413087,1.7550328292539966e-05,3,0.9,1.0,0.1,"{'max_depth': 3, 'max_features': 0.9, 'max_samples': 1.0, 'min_samples_split': 0.1}",0.7426636568848759,0.7765237020316027,0.7584650112866818,0.7765237020316027,0.7918552036199095,0.7692062551709344,0.01697026085195987,230
0.4342641830444336,0.011679441125724707,0.015629053115844727,1.4902210198672034e-05,3,1.0,0.7,0.01,"{'max_depth': 3, 'max_features': 1.0, 'max_samples': 0.7, 'min_samples_split': 0.01}",0.7652370203160271,0.7855530474040632,0.7584650112866818,0.7607223476297968,0.7895927601809954,0.7719140373635128,0.013032824816647188,216
0.43427233695983886,0.011690028600752323,0.015620899200439454,1.1718946196980007e-06,3,1.0,0.7,0.03,"{'max_depth': 3, 'max_features': 1.0, 'max_samples': 0.7, 'min_samples_split': 0.03}",0.7562076749435666,0.7855530474040632,0.7607223476297968,0.7494356659142212,0.7918552036199095,0.7687547879023114,0.016798746044486616,233
0.4248933792114258,0.0116929579505652,0.015626859664916993,1.3932623646424423e-05,3,1.0,0.7,0.07,"{'max_depth': 3, 'max_features': 1.0, 'max_samples': 0.7, 'min_samples_split': 0.07}",0.7494356659142212,0.7787810383747178,0.7607223476297968,0.7471783295711061,0.7895927601809954,0.7651420283341676,0.01656972392031334,251
0.42489161491394045,0.006268805557470579,0.015621376037597657,8.44957597096889e-07,3,1.0,0.7,0.1,"{'max_depth': 3, 'max_features': 1.0, 'max_samples': 0.7, 'min_samples_split': 0.1}",0.7358916478555305,0.7742663656884876,0.7652370203160271,0.7629796839729119,0.7828054298642534,0.764236029539442,0.015820332685797484,254
0.4498866081237793,0.01168744815231279,0.015628814697265625,1.4663808675329359e-05,3,1.0,0.8,0.01,"{'max_depth': 3, 'max_features': 1.0, 'max_samples': 0.8, 'min_samples_split': 0.01}",0.7584650112866818,0.7878103837471784,0.7607223476297968,0.7562076749435666,0.7963800904977375,0.7719171016209921,0.016757694228894133,214
0.45302391052246094,0.009857170970029768,0.015621471405029296,2.2244542868905606e-05,3,1.0,0.8,0.03,"{'max_depth': 3, 'max_features': 1.0, 'max_samples': 0.8, 'min_samples_split': 0.03}",0.7652370203160271,0.7900677200902935,0.7562076749435666,0.7516930022573364,0.7918552036199095,0.7710121242454266,0.01687188021372438,218
0.6929731369018555,0.21605789109613005,0.01889667510986328,0.004224123531772874,3,1.0,0.8,0.07,"{'max_depth': 3, 'max_features': 1.0, 'max_samples': 0.8, 'min_samples_split': 0.07}",0.7494356659142212,0.7742663656884876,0.7584650112866818,0.7426636568848759,0.7963800904977375,0.7642421580544008,0.019243548463939355,252
0.46990218162536623,0.015626048187753455,0.02032914161682129,0.00561814277509477,3,1.0,0.8,0.1,"{'max_depth': 3, 'max_features': 1.0, 'max_samples': 0.8, 'min_samples_split': 0.1}",0.7494356659142212,0.7742663656884876,0.7607223476297968,0.7539503386004515,0.7941176470588235,0.766498472978356,0.01615622245055687,243
0.49560794830322263,0.01653872487490037,0.01984429359436035,0.00900626645129102,3,1.0,0.9,0.01,"{'max_depth': 3, 'max_features': 1.0, 'max_samples': 0.9, 'min_samples_split': 0.01}",0.7539503386004515,0.7832957110609481,0.7584650112866818,0.7471783295711061,0.7963800904977375,0.767853896203385,0.01876769850875381,238
0.5114864826202392,0.034256598693770804,0.018843555450439455,0.004591247722022182,3,1.0,0.9,0.03,"{'max_depth': 3, 'max_features': 1.0, 'max_samples': 0.9, 'min_samples_split': 0.03}",0.7562076749435666,0.7855530474040632,0.7562076749435666,0.7539503386004515,0.7963800904977375,0.769659765277877,0.017749792966995238,226
0.5419895648956299,0.07666459984546199,0.015621137619018555,2.4841339640867434e-06,3,1.0,0.9,0.07,"{'max_depth': 3, 'max_features': 1.0, 'max_samples': 0.9, 'min_samples_split': 0.07}",0.7471783295711061,0.7765237020316027,0.7607223476297968,0.7494356659142212,0.7941176470588235,0.76559553844111,0.01764663418780664,248
0.4927220344543457,0.05152504532661723,0.015622186660766601,1.0598235497900424e-06,3,1.0,0.9,0.1,"{'max_depth': 3, 'max_features': 1.0, 'max_samples': 0.9, 'min_samples_split': 0.1}",0.7426636568848759,0.7742663656884876,0.7629796839729119,0.7426636568848759,0.7941176470588235,0.763338202097995,0.019605107326112058,255
0.49232969284057615,0.009124404691803102,0.013582134246826172,0.0026673401738984445,3,1.0,1.0,0.01,"{'max_depth': 3, 'max_features': 1.0, 'max_samples': 1.0, 'min_samples_split': 0.01}",0.7539503386004515,0.7855530474040632,0.7607223476297968,0.7584650112866818,0.7895927601809954,0.7696567010203978,0.014845246331906592,227
0.48754048347473145,0.011200149105863751,0.015236425399780273,0.009175311167756193,3,1.0,1.0,0.03,"{'max_depth': 3, 'max_features': 1.0, 'max_samples': 1.0, 'min_samples_split': 0.03}",0.7629796839729119,0.7855530474040632,0.7607223476297968,0.7832957110609481,0.7895927601809954,0.7764287100497431,0.012093531938879068,197
0.4973743915557861,0.034691336721645864,0.01885981559753418,0.0061969463246277934,3,1.0,1.0,0.07,"{'max_depth': 3, 'max_features': 1.0, 'max_samples': 1.0, 'min_samples_split': 0.07}",0.7471783295711061,0.781038374717833,0.7584650112866818,0.7471783295711061,0.7986425339366516,0.7665005158166757,0.02027669482890805,242
0.5089149475097656,0.07930567747411474,0.014930915832519532,0.0032070129064014435,3,1.0,1.0,0.1,"{'max_depth': 3, 'max_features': 1.0, 'max_samples': 1.0, 'min_samples_split': 0.1}",0.7516930022573364,0.7742663656884876,0.7629796839729119,0.7471783295711061,0.7986425339366516,0.7669519830852988,0.018425006027536335,241
0.47584710121154783,0.009342946943481485,0.015621232986450195,1.2006452857984707e-06,5,0.7,0.7,0.01,"{'max_depth': 5, 'max_features': 0.7, 'max_samples': 0.7, 'min_samples_split': 0.01}",0.8239277652370203,0.8555304740406321,0.8216704288939052,0.8216704288939052,0.8167420814479638,0.8279082357026853,0.014009537211014016,79
0.4600364685058594,0.009203667113486887,0.020363521575927735,0.005804159307853218,5,0.7,0.7,0.03,"{'max_depth': 5, 'max_features': 0.7, 'max_samples': 0.7, 'min_samples_split': 0.03}",0.8036117381489842,0.8600451467268623,0.8058690744920993,0.8126410835214447,0.7963800904977375,0.8157094266774256,0.022767874903181953,97
0.4196486949920654,0.009392635685931705,0.02258601188659668,0.007188444183317189,5,0.7,0.7,0.07,"{'max_depth': 5, 'max_features': 0.7, 'max_samples': 0.7, 'min_samples_split': 0.07}",0.7697516930022573,0.8148984198645598,0.7878103837471784,0.7900677200902935,0.7986425339366516,0.7922341501281881,0.014727257125763447,151
0.4691337585449219,0.08791817760845175,0.019550418853759764,0.005924786769708925,5,0.7,0.7,0.1,"{'max_depth': 5, 'max_features': 0.7, 'max_samples': 0.7, 'min_samples_split': 0.1}",0.7674943566591422,0.801354401805869,0.7742663656884876,0.7855530474040632,0.7895927601809954,0.7836521863477115,0.01184433376803616,178
0.5089590072631835,0.05877666081725143,0.01662311553955078,0.0012437199602104113,5,0.7,0.8,0.01,"{'max_depth': 5, 'max_features': 0.7, 'max_samples': 0.8, 'min_samples_split': 0.01}",0.8194130925507901,0.8510158013544018,0.8081264108352144,0.8261851015801355,0.8280542986425339,0.8265589409926152,0.014080732843999605,83
0.46249094009399416,0.005947053062452813,0.018746471405029295,0.006248426456482128,5,0.7,0.8,0.03,"{'max_depth': 5, 'max_features': 0.7, 'max_samples': 0.8, 'min_samples_split': 0.03}",0.7923250564334086,0.8419864559819413,0.8081264108352144,0.8081264108352144,0.8144796380090498,0.8130087944189658,0.016231824336763838,102
0.4527099132537842,0.007123111410284361,0.01944842338562012,0.006061591705069078,5,0.7,0.8,0.07,"{'max_depth': 5, 'max_features': 0.7, 'max_samples': 0.8, 'min_samples_split': 0.07}",0.7720090293453724,0.8216704288939052,0.7878103837471784,0.7945823927765236,0.8076923076923077,0.7967529084910574,0.016955782024718542,138
0.43215317726135255,0.01593639773384315,0.01715059280395508,0.0030744534152941446,5,0.7,0.8,0.1,"{'max_depth': 5, 'max_features': 0.7, 'max_samples': 0.8, 'min_samples_split': 0.1}",0.7426636568848759,0.7945823927765236,0.7720090293453724,0.7855530474040632,0.7963800904977375,0.7782376433817145,0.019769261514978112,191
0.5457453727722168,0.09310210822061532,0.02187027931213379,0.007651988546599527,5,0.7,0.9,0.01,"{'max_depth': 5, 'max_features': 0.7, 'max_samples': 0.9, 'min_samples_split': 0.01}",0.8216704288939052,0.8577878103837472,0.8216704288939052,0.8284424379232506,0.8144796380090498,0.8288101488207715,0.015146978724191644,77
0.479612922668457,0.005590073966655986,0.022490739822387695,0.007248975335708544,5,0.7,0.9,0.03,"{'max_depth': 5, 'max_features': 0.7, 'max_samples': 0.9, 'min_samples_split': 0.03}",0.8171557562076749,0.8510158013544018,0.8103837471783296,0.8058690744920993,0.8099547511312217,0.8188758260727453,0.016473088479020022,90
0.4615026950836182,0.018745942813892517,0.020360422134399415,0.005739600761331787,5,0.7,0.9,0.07,"{'max_depth': 5, 'max_features': 0.7, 'max_samples': 0.9, 'min_samples_split': 0.07}",0.7720090293453724,0.8284424379232506,0.7945823927765236,0.7923250564334086,0.8009049773755657,0.7976527787708243,0.018187873358593787,136
0.5177204608917236,0.03368692733945478,0.032087850570678714,0.03210699108311152,5,0.7,0.9,0.1,"{'max_depth': 5, 'max_features': 0.7, 'max_samples': 0.9, 'min_samples_split': 0.1}",0.7562076749435666,0.8126410835214447,0.7629796839729119,0.7900677200902935,0.8031674208144797,0.7850127166685393,0.02206199426943674,175
0.5635525703430175,0.07696069835448074,0.02491469383239746,0.007862987319153676,5,0.7,1.0,0.01,"{'max_depth': 5, 'max_features': 0.7, 'max_samples': 1.0, 'min_samples_split': 0.01}",0.8261851015801355,0.8577878103837472,0.8036117381489842,0.8306997742663657,0.834841628959276,0.8306252106677017,0.01734954081526583,71
0.5020765781402587,0.018020528892401466,0.020305585861206055,0.007333498049906397,5,0.7,1.0,0.03,"{'max_depth': 5, 'max_features': 0.7, 'max_samples': 1.0, 'min_samples_split': 0.03}",0.801354401805869,0.8465011286681715,0.8036117381489842,0.8194130925507901,0.8190045248868778,0.8179769772121386,0.01612089082064121,93
0.5498027324676513,0.0948977491841305,0.025832223892211913,0.005739630068355504,5,0.7,1.0,0.07,"{'max_depth': 5, 'max_features': 0.7, 'max_samples': 1.0, 'min_samples_split': 0.07}",0.7787810383747178,0.8329571106094809,0.7990970654627539,0.7923250564334086,0.8031674208144797,0.8012655383389682,0.017878255730851805,128
0.46543521881103517,0.006772104748373928,0.017263460159301757,0.0013975727996585387,5,0.7,1.0,0.1,"{'max_depth': 5, 'max_features': 0.7, 'max_samples': 1.0, 'min_samples_split': 0.1}",0.7494356659142212,0.8194130925507901,0.7765237020316027,0.7900677200902935,0.7963800904977375,0.7863640542169289,0.023094655019029145,173
0.5982388496398926,0.09679049331797838,0.021951913833618164,0.007588536725578096,5,0.8,0.7,0.01,"{'max_depth': 5, 'max_features': 0.8, 'max_samples': 0.7, 'min_samples_split': 0.01}",0.8239277652370203,0.8577878103837472,0.8306997742663657,0.8194130925507901,0.8144796380090498,0.8292616160893946,0.015229985664042886,74
0.5365020275115967,0.07173644194118593,0.01910390853881836,0.006107344481796086,5,0.8,0.7,0.03,"{'max_depth': 5, 'max_features': 0.8, 'max_samples': 0.7, 'min_samples_split': 0.03}",0.8126410835214447,0.8487584650112867,0.8058690744920993,0.8036117381489842,0.8009049773755657,0.8143570677098761,0.017634441349949802,100
0.4713353157043457,0.011932002105665255,0.021105241775512696,0.008464250766954338,5,0.8,0.7,0.07,"{'max_depth': 5, 'max_features': 0.8, 'max_samples': 0.7, 'min_samples_split': 0.07}",0.7765237020316027,0.8171557562076749,0.7832957110609481,0.7968397291196389,0.7941176470588235,0.7935865090957376,0.013881029259993849,149
0.45662517547607423,0.007201736312943724,0.018877363204956053,0.004572279205498562,5,0.8,0.7,0.1,"{'max_depth': 5, 'max_features': 0.8, 'max_samples': 0.7, 'min_samples_split': 0.1}",0.7516930022573364,0.8036117381489842,0.7742663656884876,0.7832957110609481,0.7828054298642534,0.7791344494040019,0.01677296110403199,188
0.6312240123748779,0.12238259087494824,0.023111534118652344,0.005742900054612026,5,0.8,0.8,0.01,"{'max_depth': 5, 'max_features': 0.8, 'max_samples': 0.8, 'min_samples_split': 0.01}",0.8239277652370203,0.8690744920993227,0.8284424379232506,0.8261851015801355,0.8235294117647058,0.834231841720887,0.017509960067179576,65
0.5320102214813233,0.02395884255600874,0.02008819580078125,0.00253250722795499,5,0.8,0.8,0.03,"{'max_depth': 5, 'max_features': 0.8, 'max_samples': 0.8, 'min_samples_split': 0.03}",0.8036117381489842,0.8510158013544018,0.8036117381489842,0.8126410835214447,0.8190045248868778,0.8179769772121386,0.017514632186196744,93
0.5247312545776367,0.08306352160953365,0.018019580841064455,0.001318226052881534,5,0.8,0.8,0.07,"{'max_depth': 5, 'max_features': 0.8, 'max_samples': 0.8, 'min_samples_split': 0.07}",0.7629796839729119,0.8171557562076749,0.7923250564334086,0.801354401805869,0.7963800904977375,0.7940389977835204,0.01766917621444163,144
0.5135186672210693,0.059450890033628065,0.0164243221282959,0.006244490348613248,5,0.8,0.8,0.1,"{'max_depth': 5, 'max_features': 0.8, 'max_samples': 0.8, 'min_samples_split': 0.1}",0.744920993227991,0.801354401805869,0.7742663656884876,0.7855530474040632,0.8031674208144797,0.781852445788178,0.02130647648341496,182
0.5948437213897705,0.04902719386238834,0.021286392211914064,0.005143571669966357,5,0.8,0.9,0.01,"{'max_depth': 5, 'max_features': 0.8, 'max_samples': 0.9, 'min_samples_split': 0.01}",0.8171557562076749,0.8645598194130926,0.8171557562076749,0.8261851015801355,0.8257918552036199,0.8301696577224396,0.01764340289698222,73
0.5436497211456299,0.008696435528689313,0.02318234443664551,0.0062068805298951795,5,0.8,0.9,0.03,"{'max_depth': 5, 'max_features': 0.8, 'max_samples': 0.9, 'min_samples_split': 0.03}",0.8058690744920993,0.8510158013544018,0.8148984198645598,0.8058690744920993,0.8144796380090498,0.818426401642442,0.016765831339425365,92
0.5102359771728515,0.011652764856243957,0.018280887603759767,0.0014773953073311463,5,0.8,0.9,0.07,"{'max_depth': 5, 'max_features': 0.8, 'max_samples': 0.9, 'min_samples_split': 0.07}",0.7674943566591422,0.8306997742663657,0.7900677200902935,0.7968397291196389,0.8031674208144797,0.797653800189984,0.020446221030421634,135
0.4905080795288086,0.00854395934813516,0.018411827087402344,0.0009593236063298411,5,0.8,0.9,0.1,"{'max_depth': 5, 'max_features': 0.8, 'max_samples': 0.9, 'min_samples_split': 0.1}",0.7562076749435666,0.7968397291196389,0.781038374717833,0.7900677200902935,0.8076923076923077,0.7863691613127278,0.017413335375353174,171
0.6147876739501953,0.08868682682581566,0.02242598533630371,0.0041522044412007865,5,0.8,1.0,0.01,"{'max_depth': 5, 'max_features': 0.8, 'max_samples': 1.0, 'min_samples_split': 0.01}",0.8216704288939052,0.8690744920993227,0.8081264108352144,0.8306997742663657,0.8257918552036199,0.8310725922596855,0.0204308467100844,68
0.5488364219665527,0.007094512023390187,0.018912839889526366,0.0014347722369387201,5,0.8,1.0,0.03,"{'max_depth': 5, 'max_features': 0.8, 'max_samples': 1.0, 'min_samples_split': 0.03}",0.8171557562076749,0.8532731376975169,0.8058690744920993,0.8239277652370203,0.8054298642533937,0.821131119577541,0.017528225857947718,86
0.51969895362854,0.005165590887333448,0.01839790344238281,0.001746292025875546,5,0.8,1.0,0.07,"{'max_depth': 5, 'max_features': 0.8, 'max_samples': 1.0, 'min_samples_split': 0.07}",0.7878103837471784,0.837471783295711,0.7968397291196389,0.801354401805869,0.7986425339366516,0.8044237663810098,0.017137894696754103,121
0.5044701576232911,0.020928846808675933,0.019414329528808595,0.0031665801147483445,5,0.8,1.0,0.1,"{'max_depth': 5, 'max_features': 0.8, 'max_samples': 1.0, 'min_samples_split': 0.1}",0.7607223476297968,0.8058690744920993,0.781038374717833,0.7900677200902935,0.7986425339366516,0.7872680101733348,0.015663322240419046,169
0.6487879753112793,0.08397037419434158,0.020203018188476564,0.004290233254801635,5,0.9,0.7,0.01,"{'max_depth': 5, 'max_features': 0.9, 'max_samples': 0.7, 'min_samples_split': 0.01}",0.8103837471783296,0.8600451467268623,0.8239277652370203,0.8329571106094809,0.8122171945701357,0.8279061928643656,0.018041245977626175,80
0.5526281356811523,0.05521407167092676,0.018752098083496094,0.006243841499503568,5,0.9,0.7,0.03,"{'max_depth': 5, 'max_features': 0.9, 'max_samples': 0.7, 'min_samples_split': 0.03}",0.8194130925507901,0.8577878103837472,0.8103837471783296,0.8081264108352144,0.7986425339366516,0.8188707189769466,0.020549853967550727,91
0.4864859104156494,0.005936195638537495,0.015615177154541016,1.2403633489905631e-05,5,0.9,0.7,0.07,"{'max_depth': 5, 'max_features': 0.9, 'max_samples': 0.7, 'min_samples_split': 0.07}",0.7697516930022573,0.8171557562076749,0.7855530474040632,0.7878103837471784,0.8076923076923077,0.7935926376106963,0.01685515567819521,146
0.46648435592651366,0.009224545333453758,0.01875157356262207,0.0062443365880612625,5,0.9,0.7,0.1,"{'max_depth': 5, 'max_features': 0.9, 'max_samples': 0.7, 'min_samples_split': 0.1}",0.7562076749435666,0.8081264108352144,0.7742663656884876,0.7832957110609481,0.7895927601809954,0.7822977845418424,0.017126166942804846,181
0.6064266681671142,0.07830419150348183,0.023460865020751953,0.006540206074931266,5,0.9,0.8,0.01,"{'max_depth': 5, 'max_features': 0.9, 'max_samples': 0.8, 'min_samples_split': 0.01}",0.8216704288939052,0.8668171557562077,0.8194130925507901,0.835214446952596,0.8212669683257918,0.8328764184958581,0.0178832586770648,67
0.5519490242004395,0.006921980076542812,0.020669937133789062,0.006476517458823896,5,0.9,0.8,0.03,"{'max_depth': 5, 'max_features': 0.9, 'max_samples': 0.8, 'min_samples_split': 0.03}",0.8148984198645598,0.8532731376975169,0.8171557562076749,0.8126410835214447,0.7986425339366516,0.8193221862455695,0.018161582452106823,89
0.5129692077636718,0.007321168018311576,0.01562509536743164,1.3637542724609376e-05,5,0.9,0.8,0.07,"{'max_depth': 5, 'max_features': 0.9, 'max_samples': 0.8, 'min_samples_split': 0.07}",0.7742663656884876,0.8261851015801355,0.7900677200902935,0.7900677200902935,0.8031674208144797,0.7967508656527379,0.01733452066042433,139
0.5007788181304932,0.032429921126212714,0.018752145767211913,0.006261801771182074,5,0.9,0.8,0.1,"{'max_depth': 5, 'max_features': 0.9, 'max_samples': 0.8, 'min_samples_split': 0.1}",0.7562076749435666,0.7968397291196389,0.7742663656884876,0.7832957110609481,0.7986425339366516,0.7818504029498585,0.015644881581042363,183
0.660199785232544,0.17144393897971943,0.018871593475341796,0.006485927557868506,5,0.9,0.9,0.01,"{'max_depth': 5, 'max_features': 0.9, 'max_samples': 0.9, 'min_samples_split': 0.01}",0.8171557562076749,0.8532731376975169,0.8216704288939052,0.8194130925507901,0.8280542986425339,0.8279133427984842,0.013191610693339509,78
0.5620590209960937,0.008166954479932341,0.01615138053894043,0.0010428388030361611,5,0.9,0.9,0.03,"{'max_depth': 5, 'max_features': 0.9, 'max_samples': 0.9, 'min_samples_split': 0.03}",0.8148984198645598,0.8668171557562077,0.8148984198645598,0.8239277652370203,0.8009049773755657,0.8242893476195826,0.022503124345896294,84
0.5303707122802734,0.00587139394444876,0.01874542236328125,0.006247997533216969,5,0.9,0.9,0.07,"{'max_depth': 5, 'max_features': 0.9, 'max_samples': 0.9, 'min_samples_split': 0.07}",0.7855530474040632,0.8397291196388262,0.7855530474040632,0.7945823927765236,0.8054298642533937,0.802169494295374,0.020155059872123945,126
0.5830249309539794,0.0714577574943541,0.021863412857055665,0.007659842408134303,5,0.9,0.9,0.1,"{'max_depth': 5, 'max_features': 0.9, 'max_samples': 0.9, 'min_samples_split': 0.1}",0.7652370203160271,0.8103837471783296,0.7855530474040632,0.781038374717833,0.7986425339366516,0.7881709447105809,0.015406197477215545,165
0.5914996147155762,0.005655615256789253,0.01614546775817871,0.0010274020761812384,5,0.9,1.0,0.01,"{'max_depth': 5, 'max_features': 0.9, 'max_samples': 1.0, 'min_samples_split': 0.01}",0.8216704288939052,0.8668171557562077,0.8171557562076749,0.8284424379232506,0.8190045248868778,0.8306180607335832,0.01850013939741675,72
0.6098479270935059,0.06813938663411272,0.021031999588012697,0.006331948301747632,5,0.9,1.0,0.03,"{'max_depth': 5, 'max_features': 0.9, 'max_samples': 1.0, 'min_samples_split': 0.03}",0.8081264108352144,0.8442437923250564,0.8148984198645598,0.8261851015801355,0.8099547511312217,0.8206816951472377,0.013353716118416965,87
0.5658381462097168,0.023905667641610815,0.01793646812438965,0.001922716758992883,5,0.9,1.0,0.07,"{'max_depth': 5, 'max_features': 0.9, 'max_samples': 1.0, 'min_samples_split': 0.07}",0.7765237020316027,0.8419864559819413,0.8036117381489842,0.8103837471783296,0.8031674208144797,0.8071346128310676,0.020930288882452634,113
0.627535057067871,0.07652353990589884,0.020047998428344725,0.003232088213774043,5,0.9,1.0,0.1,"{'max_depth': 5, 'max_features': 0.9, 'max_samples': 1.0, 'min_samples_split': 0.1}",0.7516930022573364,0.8126410835214447,0.781038374717833,0.7832957110609481,0.7805429864253394,0.7818422315965803,0.01929762750231174,185
0.6091782569885253,0.04633733518682487,0.015622854232788086,1.0977615769597375e-06,5,1.0,0.7,0.01,"{'max_depth': 5, 'max_features': 1.0, 'max_samples': 0.7, 'min_samples_split': 0.01}",0.8261851015801355,0.8668171557562077,0.8216704288939052,0.8171557562076749,0.8235294117647058,0.8310715708405259,0.01811375142326024,69
0.5856978416442871,0.02014342520901581,0.020609092712402344,0.00571222413925035,5,1.0,0.7,0.03,"{'max_depth': 5, 'max_features': 1.0, 'max_samples': 0.7, 'min_samples_split': 0.03}",0.8081264108352144,0.8600451467268623,0.8194130925507901,0.8216704288939052,0.8031674208144797,0.8224844999642503,0.020001013528061953,85
0.5428663730621338,0.040850183660003474,0.019452428817749022,0.0060492911715409456,5,1.0,0.7,0.07,"{'max_depth': 5, 'max_features': 1.0, 'max_samples': 0.7, 'min_samples_split': 0.07}",0.781038374717833,0.8284424379232506,0.7923250564334086,0.7990970654627539,0.8099547511312217,0.8021715371336935,0.016147784741924832,125
0.5422880172729492,0.04438031232055777,0.020468378067016603,0.006344468984425726,5,1.0,0.7,0.1,"{'max_depth': 5, 'max_features': 1.0, 'max_samples': 0.7, 'min_samples_split': 0.1}",0.7562076749435666,0.7923250564334086,0.7765237020316027,0.7945823927765236,0.7941176470588235,0.782751294648785,0.014860500809777116,179
0.6311689853668213,0.02144942087559017,0.04582147598266602,0.04872449203122946,5,1.0,0.8,0.01,"{'max_depth': 5, 'max_features': 1.0, 'max_samples': 0.8, 'min_samples_split': 0.01}",0.8261851015801355,0.871331828442438,0.8284424379232506,0.8261851015801355,0.8190045248868778,0.8342297988825674,0.01882178217892379,66
0.6933536052703857,0.10408465042113782,0.016107606887817382,0.0009728438362700425,5,1.0,0.8,0.03,"{'max_depth': 5, 'max_features': 1.0, 'max_samples': 0.8, 'min_samples_split': 0.03}",0.8103837471783296,0.8600451467268623,0.8171557562076749,0.835214446952596,0.8144796380090498,0.8274557470149025,0.018374921998690164,82
0.6138373851776123,0.05998861683252873,0.021525049209594728,0.007069690274686228,5,1.0,0.8,0.07,"{'max_depth': 5, 'max_features': 1.0, 'max_samples': 0.8, 'min_samples_split': 0.07}",0.7674943566591422,0.8239277652370203,0.7900677200902935,0.7923250564334086,0.7963800904977375,0.7940389977835204,0.018011916882310595,144
0.580925464630127,0.0334720749676087,0.02344789505004883,0.011496639019522263,5,1.0,0.8,0.1,"{'max_depth': 5, 'max_features': 1.0, 'max_samples': 0.8, 'min_samples_split': 0.1}",0.7584650112866818,0.8036117381489842,0.781038374717833,0.7787810383747178,0.8031674208144797,0.7850127166685393,0.016940641971291494,175
0.7322690486907959,0.11847203038067995,0.022408533096313476,0.00858820972317832,5,1.0,0.9,0.01,"{'max_depth': 5, 'max_features': 1.0, 'max_samples': 0.9, 'min_samples_split': 0.01}",0.8239277652370203,0.8645598194130926,0.8216704288939052,0.8261851015801355,0.8190045248868778,0.8310695280022063,0.01691371857323786,70
0.6044689178466797,0.012500954116297104,0.017496252059936525,0.0030652485236031886,5,1.0,0.9,0.03,"{'max_depth': 5, 'max_features': 1.0, 'max_samples': 0.9, 'min_samples_split': 0.03}",0.8216704288939052,0.8668171557562077,0.8148984198645598,0.8261851015801355,0.8099547511312217,0.8279051714452059,0.02023544590153973,81
0.5583190441131591,0.006649190192730512,0.01874685287475586,0.006251454459491323,5,1.0,0.9,0.07,"{'max_depth': 5, 'max_features': 1.0, 'max_samples': 0.9, 'min_samples_split': 0.07}",0.7855530474040632,0.837471783295711,0.8058690744920993,0.8103837471783296,0.8099547511312217,0.809846480700285,0.016549612579794076,106
0.5699700832366943,0.05250251096909273,0.01710038185119629,0.0013622620845341624,5,1.0,0.9,0.1,"{'max_depth': 5, 'max_features': 1.0, 'max_samples': 0.9, 'min_samples_split': 0.1}",0.7720090293453724,0.8126410835214447,0.7945823927765236,0.7832957110609481,0.7963800904977375,0.7917816614404052,0.013616706423915596,154
0.6677111148834228,0.017753285207518392,0.019822072982788087,0.003122826205710294,5,1.0,1.0,0.01,"{'max_depth': 5, 'max_features': 1.0, 'max_samples': 1.0, 'min_samples_split': 0.01}",0.8216704288939052,0.8645598194130926,0.8216704288939052,0.8261851015801355,0.8122171945701357,0.8292605946702348,0.018227411473878664,75
0.6428505897521972,0.023322377188395048,0.024283647537231445,0.009085704812941225,5,1.0,1.0,0.03,"{'max_depth': 5, 'max_features': 1.0, 'max_samples': 1.0, 'min_samples_split': 0.03}",0.8194130925507901,0.8803611738148984,0.8126410835214447,0.8216704288939052,0.8122171945701357,0.8292605946702348,0.025816811349279677,75
0.590710973739624,0.026769830048351356,0.016023778915405275,0.0005735227303542281,5,1.0,1.0,0.07,"{'max_depth': 5, 'max_features': 1.0, 'max_samples': 1.0, 'min_samples_split': 0.07}",0.7855530474040632,0.835214446952596,0.8036117381489842,0.801354401805869,0.8031674208144797,0.8057802110251984,0.016165575321230495,116
0.5595126628875733,0.018728369695877402,0.018401479721069335,0.0037544165338692158,5,1.0,1.0,0.1,"{'max_depth': 5, 'max_features': 1.0, 'max_samples': 1.0, 'min_samples_split': 0.1}",0.7652370203160271,0.8103837471783296,0.7832957110609481,0.7878103837471784,0.8009049773755657,0.7895263679356098,0.015467650864118531,159
0.5619075298309326,0.02072293951378823,0.018451642990112305,0.0068073403410974466,7,0.7,0.7,0.01,"{'max_depth': 7, 'max_features': 0.7, 'max_samples': 0.7, 'min_samples_split': 0.01}",0.8623024830699775,0.909706546275395,0.8600451467268623,0.8690744920993227,0.8665158371040724,0.8735289010551259,0.01836132310250544,31
0.5176948070526123,0.029773121587005485,0.024867916107177736,0.0060488777661888635,7,0.7,0.7,0.03,"{'max_depth': 7, 'max_features': 0.7, 'max_samples': 0.7, 'min_samples_split': 0.03}",0.8171557562076749,0.873589164785553,0.8171557562076749,0.8465011286681715,0.834841628959276,0.83784868696567,0.021060311805730307,64
0.4374028205871582,0.017118031996384578,0.015622472763061524,7.776978697919889e-07,7,0.7,0.7,0.07,"{'max_depth': 7, 'max_features': 0.7, 'max_samples': 0.7, 'min_samples_split': 0.07}",0.7607223476297968,0.8126410835214447,0.7832957110609481,0.8058690744920993,0.8054298642533937,0.7935916161915365,0.019184143365244162,148
0.4026392936706543,0.01020742452857232,0.019637203216552733,0.006053670911742364,7,0.7,0.7,0.1,"{'max_depth': 7, 'max_features': 0.7, 'max_samples': 0.7, 'min_samples_split': 0.1}",0.7697516930022573,0.7945823927765236,0.7742663656884876,0.7832957110609481,0.7918552036199095,0.7827502732296252,0.009634688245145736,180
0.5490267753601075,0.016547163985724377,0.023023271560668947,0.007033163070831561,7,0.7,0.8,0.01,"{'max_depth': 7, 'max_features': 0.7, 'max_samples': 0.8, 'min_samples_split': 0.01}",0.8555304740406321,0.9187358916478555,0.8487584650112867,0.8826185101580135,0.8733031674208145,0.8757893016557204,0.0246508205550657,28
0.502983570098877,0.011686140560048,0.01563715934753418,1.8275371182511275e-05,7,0.7,0.8,0.03,"{'max_depth': 7, 'max_features': 0.7, 'max_samples': 0.8, 'min_samples_split': 0.03}",0.8194130925507901,0.8871331828442438,0.8171557562076749,0.8419864559819413,0.8393665158371041,0.8410110006843509,0.025165269143915304,62
0.4679213047027588,0.018560025802438422,0.0163449764251709,0.001425501310137481,7,0.7,0.8,0.07,"{'max_depth': 7, 'max_features': 0.7, 'max_samples': 0.8, 'min_samples_split': 0.07}",0.7652370203160271,0.835214446952596,0.7968397291196389,0.8103837471783296,0.8099547511312217,0.8035259389395627,0.02281783246166546,123
0.42771244049072266,0.01041788272749468,0.015722274780273438,0.0001997965332353971,7,0.7,0.8,0.1,"{'max_depth': 7, 'max_features': 0.7, 'max_samples': 0.8, 'min_samples_split': 0.1}",0.7607223476297968,0.8081264108352144,0.781038374717833,0.8058690744920993,0.7941176470588235,0.7899747709467533,0.017520489638058703,157
0.5685863018035888,0.02419173973135975,0.020085573196411133,0.0055925237746490795,7,0.7,0.9,0.01,"{'max_depth': 7, 'max_features': 0.7, 'max_samples': 0.9, 'min_samples_split': 0.01}",0.8577878103837472,0.9164785553047404,0.8577878103837472,0.8803611738148984,0.8710407239819005,0.8766912147738068,0.021647662724393286,27
0.5291586875915527,0.010689394375000197,0.019240188598632812,0.006076403400974596,7,0.7,0.9,0.03,"{'max_depth': 7, 'max_features': 0.7, 'max_samples': 0.9, 'min_samples_split': 0.03}",0.8239277652370203,0.8690744920993227,0.8306997742663657,0.8419864559819413,0.8484162895927602,0.8428209554354821,0.015653293645996585,61
0.46352996826171877,0.006506088130437738,0.0156280517578125,1.291727130578519e-05,7,0.7,0.9,0.07,"{'max_depth': 7, 'max_features': 0.7, 'max_samples': 0.9, 'min_samples_split': 0.07}",0.7832957110609481,0.8329571106094809,0.801354401805869,0.8081264108352144,0.8122171945701357,0.8075901657763296,0.016089028103667705,112
0.45053586959838865,0.01354067257280478,0.01741137504577637,0.002192915366967286,7,0.7,0.9,0.1,"{'max_depth': 7, 'max_features': 0.7, 'max_samples': 0.9, 'min_samples_split': 0.1}",0.7720090293453724,0.8148984198645598,0.7765237020316027,0.7923250564334086,0.8009049773755657,0.7913322370101019,0.015752251175659395,155
0.5623672008514404,0.009869093920760982,0.015621614456176759,1.1815559094776028e-06,7,0.7,1.0,0.01,"{'max_depth': 7, 'max_features': 0.7, 'max_samples': 1.0, 'min_samples_split': 0.01}",0.8645598194130926,0.9209932279909706,0.8600451467268623,0.8781038374717833,0.8868778280542986,0.8821159719314015,0.021658962818352962,21
0.5373720645904541,0.007653149505371617,0.018746042251586915,0.006247925780879283,7,0.7,1.0,0.03,"{'max_depth': 7, 'max_features': 0.7, 'max_samples': 1.0, 'min_samples_split': 0.03}",0.8239277652370203,0.8826185101580135,0.8216704288939052,0.8487584650112867,0.8552036199095022,0.8464357578419455,0.022411573742172355,54
0.48425965309143065,0.00988008232580207,0.01874508857727051,0.006247091301524225,7,0.7,1.0,0.07,"{'max_depth': 7, 'max_features': 0.7, 'max_samples': 1.0, 'min_samples_split': 0.07}",0.7900677200902935,0.8419864559819413,0.7945823927765236,0.8081264108352144,0.8009049773755657,0.8071335914119077,0.018456868873722214,114
0.6126147270202636,0.1099975842235665,0.03964323997497558,0.04148933746319651,7,0.7,1.0,0.1,"{'max_depth': 7, 'max_features': 0.7, 'max_samples': 1.0, 'min_samples_split': 0.1}",0.7629796839729119,0.8058690744920993,0.7832957110609481,0.7855530474040632,0.8099547511312217,0.7895304536122488,0.016992572522523227,158
0.6567173004150391,0.08471606181446494,0.02147531509399414,0.005211048866026933,7,0.8,0.7,0.01,"{'max_depth': 7, 'max_features': 0.8, 'max_samples': 0.7, 'min_samples_split': 0.01}",0.8532731376975169,0.90744920993228,0.8645598194130926,0.8826185101580135,0.8755656108597285,0.8766932576121264,0.01831955865950245,26
0.5493236064910889,0.009440109220241053,0.01924872398376465,0.0060743161623859196,7,0.8,0.7,0.03,"{'max_depth': 7, 'max_features': 0.8, 'max_samples': 0.7, 'min_samples_split': 0.03}",0.8194130925507901,0.8826185101580135,0.8306997742663657,0.8419864559819413,0.830316742081448,0.8410069150077117,0.021996792799084168,63
0.47797274589538574,0.007722711385132206,0.021875333786010743,0.007659742079005106,7,0.8,0.7,0.07,"{'max_depth': 7, 'max_features': 0.8, 'max_samples': 0.7, 'min_samples_split': 0.07}",0.7855530474040632,0.8171557562076749,0.781038374717833,0.7990970654627539,0.8054298642533937,0.7976548216091437,0.013155812797937455,134
0.45075168609619143,0.016421692311718566,0.018746566772460938,0.006248855818235625,7,0.8,0.7,0.1,"{'max_depth': 7, 'max_features': 0.8, 'max_samples': 0.7, 'min_samples_split': 0.1}",0.7607223476297968,0.8036117381489842,0.7742663656884876,0.7900677200902935,0.7963800904977375,0.7850096524110599,0.015531901930369796,177
0.6539180755615235,0.10167337644891469,0.024988222122192382,0.007648061870852604,7,0.8,0.8,0.01,"{'max_depth': 7, 'max_features': 0.8, 'max_samples': 0.8, 'min_samples_split': 0.01}",0.8600451467268623,0.9142212189616253,0.8758465011286681,0.8803611738148984,0.8914027149321267,0.8843753511128363,0.0180054070589423,18
0.6009541988372803,0.055708708093195655,0.01612539291381836,0.0009745529712857347,7,0.8,0.8,0.03,"{'max_depth': 7, 'max_features': 0.8, 'max_samples': 0.8, 'min_samples_split': 0.03}",0.8284424379232506,0.8848758465011287,0.8306997742663657,0.8419864559819413,0.8461538461538461,0.8464316721653065,0.02034156746512345,55
0.5071625709533691,0.007460296333984306,0.016103076934814452,0.0009836767732841563,7,0.8,0.8,0.07,"{'max_depth': 7, 'max_features': 0.8, 'max_samples': 0.8, 'min_samples_split': 0.07}",0.7787810383747178,0.8442437923250564,0.7968397291196389,0.8171557562076749,0.8054298642533937,0.8084900360560964,0.021822670045132234,111
0.47173595428466797,0.014640704498159237,0.01907072067260742,0.006116749937742933,7,0.8,0.8,0.1,"{'max_depth': 7, 'max_features': 0.8, 'max_samples': 0.8, 'min_samples_split': 0.1}",0.7674943566591422,0.7990970654627539,0.7832957110609481,0.7900677200902935,0.8009049773755657,0.7881719661297406,0.012136083806697874,164
0.682310676574707,0.10316667732948259,0.02387232780456543,0.009201063011110136,7,0.8,0.9,0.01,"{'max_depth': 7, 'max_features': 0.8, 'max_samples': 0.9, 'min_samples_split': 0.01}",0.8645598194130926,0.9051918735891648,0.8532731376975169,0.8939051918735892,0.8846153846153846,0.8803090814377494,0.018981745544275504,23
0.6024726390838623,0.014249839693468476,0.016849851608276366,0.008080227577547436,7,0.8,0.9,0.03,"{'max_depth': 7, 'max_features': 0.8, 'max_samples': 0.9, 'min_samples_split': 0.03}",0.8329571106094809,0.8781038374717833,0.8261851015801355,0.8600451467268623,0.8461538461538461,0.8486890085084215,0.018732535999612387,52
0.5619925022125244,0.05461774576769704,0.019410228729248045,0.007577848766754097,7,0.8,0.9,0.07,"{'max_depth': 7, 'max_features': 0.8, 'max_samples': 0.9, 'min_samples_split': 0.07}",0.7832957110609481,0.8419864559819413,0.8081264108352144,0.8103837471783296,0.8031674208144797,0.8093919491741826,0.018893096737024547,109
0.5299535274505616,0.09231930892702032,0.02009572982788086,0.008948612244895791,7,0.8,0.9,0.1,"{'max_depth': 7, 'max_features': 0.8, 'max_samples': 0.9, 'min_samples_split': 0.1}",0.7539503386004515,0.8126410835214447,0.781038374717833,0.7832957110609481,0.8054298642533937,0.7872710744308142,0.020679944414774328,167
0.6751384735107422,0.048556966962375527,0.024999427795410156,0.007661886271303422,7,0.8,1.0,0.01,"{'max_depth': 7, 'max_features': 0.8, 'max_samples': 1.0, 'min_samples_split': 0.01}",0.8668171557562077,0.90744920993228,0.8645598194130926,0.8871331828442438,0.8733031674208145,0.8798525070733276,0.015882485813528947,24
0.615343713760376,0.0059215412779140865,0.018752241134643556,0.006263542311422214,7,0.8,1.0,0.03,"{'max_depth': 7, 'max_features': 0.8, 'max_samples': 1.0, 'min_samples_split': 0.03}",0.8216704288939052,0.8848758465011287,0.8465011286681715,0.8623024830699775,0.8393665158371041,0.8509432805940573,0.021406095171965765,49
0.5633248329162598,0.03542005890053862,0.015621089935302734,3.515683859094002e-06,7,0.8,1.0,0.07,"{'max_depth': 7, 'max_features': 0.8, 'max_samples': 1.0, 'min_samples_split': 0.07}",0.801354401805869,0.8397291196388262,0.8081264108352144,0.8216704288939052,0.8054298642533937,0.8152620450854418,0.014005118477873765,98
0.570524263381958,0.07818491773048562,0.015622615814208984,1.215700987241932e-06,7,0.8,1.0,0.1,"{'max_depth': 7, 'max_features': 0.8, 'max_samples': 1.0, 'min_samples_split': 0.1}",0.7629796839729119,0.8284424379232506,0.7742663656884876,0.7900677200902935,0.8076923076923077,0.7926897030734503,0.02337655057833968,150
0.6470906734466553,0.05374959600942444,0.015615177154541016,1.4043157894823119e-05,7,0.9,0.7,0.01,"{'max_depth': 7, 'max_features': 0.9, 'max_samples': 0.7, 'min_samples_split': 0.01}",0.8577878103837472,0.909706546275395,0.8600451467268623,0.8758465011286681,0.8619909502262444,0.8730753909481834,0.019369474966236293,32
0.5876582622528076,0.013530400843898706,0.015605401992797852,1.726282230641669e-05,7,0.9,0.7,0.03,"{'max_depth': 7, 'max_features': 0.9, 'max_samples': 0.7, 'min_samples_split': 0.03}",0.8239277652370203,0.8803611738148984,0.8284424379232506,0.8510158013544018,0.8371040723981901,0.8441702501455521,0.02031599206498598,59
0.533715009689331,0.03683201167259154,0.018745040893554686,0.006246876728215625,7,0.9,0.7,0.07,"{'max_depth': 7, 'max_features': 0.9, 'max_samples': 0.7, 'min_samples_split': 0.07}",0.7607223476297968,0.8239277652370203,0.7900677200902935,0.801354401805869,0.8099547511312217,0.7972053971788403,0.021334500504363224,137
0.5235622882843017,0.0801593609020145,0.021876716613769533,0.0076608535994921135,7,0.9,0.7,0.1,"{'max_depth': 7, 'max_features': 0.9, 'max_samples': 0.7, 'min_samples_split': 0.1}",0.7426636568848759,0.801354401805869,0.7787810383747178,0.7855530474040632,0.7963800904977375,0.7809464469934527,0.02071793306181605,186
0.6487300395965576,0.008553892853696368,0.018743371963500975,0.006248188642893097,7,0.9,0.8,0.01,"{'max_depth': 7, 'max_features': 0.9, 'max_samples': 0.8, 'min_samples_split': 0.01}",0.8645598194130926,0.9164785553047404,0.8510158013544018,0.8758465011286681,0.8778280542986425,0.8771457462999092,0.02186505442429176,25
0.6466474533081055,0.06163074851394439,0.015622091293334962,4.1019083342755444e-07,7,0.9,0.8,0.03,"{'max_depth': 7, 'max_features': 0.9, 'max_samples': 0.8, 'min_samples_split': 0.03}",0.8284424379232506,0.873589164785553,0.8239277652370203,0.8623024830699775,0.8371040723981901,0.8450731846827984,0.019479358798779534,56
0.6074315547943115,0.07100935743709162,0.018559837341308595,0.0066497827455663525,7,0.9,0.8,0.07,"{'max_depth': 7, 'max_features': 0.9, 'max_samples': 0.8, 'min_samples_split': 0.07}",0.7697516930022573,0.835214446952596,0.8058690744920993,0.8194130925507901,0.7986425339366516,0.8057781681868788,0.021914552810039647,117
0.5046590805053711,0.013125923364892806,0.020057153701782227,0.006141582886847939,7,0.9,0.8,0.1,"{'max_depth': 7, 'max_features': 0.9, 'max_samples': 0.8, 'min_samples_split': 0.1}",0.7584650112866818,0.8126410835214447,0.7742663656884876,0.7900677200902935,0.8009049773755657,0.7872690315924947,0.019163786683120902,168
0.677462100982666,0.007903615496897278,0.015620994567871093,1.3006383606897217e-06,7,0.9,0.9,0.01,"{'max_depth': 7, 'max_features': 0.9, 'max_samples': 0.9, 'min_samples_split': 0.01}",0.871331828442438,0.9209932279909706,0.8555304740406321,0.8871331828442438,0.8823529411764706,0.8834683308989509,0.021682304644541163,19
0.6991404056549072,0.10325281285342634,0.018752288818359376,0.006245533700139209,7,0.9,0.9,0.03,"{'max_depth': 7, 'max_features': 0.9, 'max_samples': 0.9, 'min_samples_split': 0.03}",0.835214446952596,0.8826185101580135,0.8306997742663657,0.8532731376975169,0.8574660633484162,0.8518543864845816,0.01846261240103224,47
0.5875699043273925,0.04697781663500774,0.0249997615814209,0.007641523689551258,7,0.9,0.9,0.07,"{'max_depth': 7, 'max_features': 0.9, 'max_samples': 0.9, 'min_samples_split': 0.07}",0.781038374717833,0.8465011286681715,0.8058690744920993,0.8171557562076749,0.8031674208144797,0.8107463509800515,0.02136949444834788,105
0.5191828727722168,0.010630997915358546,0.015619421005249023,4.358823731241775e-06,7,0.9,0.9,0.1,"{'max_depth': 7, 'max_features': 0.9, 'max_samples': 0.9, 'min_samples_split': 0.1}",0.7562076749435666,0.801354401805869,0.7923250564334086,0.7878103837471784,0.8054298642533937,0.7886254762366832,0.017376294845797714,163
0.7017271041870117,0.009736824481432947,0.019444990158081054,0.006050569796352567,7,0.9,1.0,0.01,"{'max_depth': 7, 'max_features': 0.9, 'max_samples': 1.0, 'min_samples_split': 0.01}",0.871331828442438,0.9187358916478555,0.8600451467268623,0.8939051918735892,0.8846153846153846,0.8857266886612258,0.020122047560496317,17
0.7820619583129883,0.10765312414382712,0.01802535057067871,0.006754370035932886,7,0.9,1.0,0.03,"{'max_depth': 7, 'max_features': 0.9, 'max_samples': 1.0, 'min_samples_split': 0.03}",0.837471783295711,0.8781038374717833,0.837471783295711,0.8577878103837472,0.8597285067873304,0.8541127442468566,0.015326177715945593,45
0.6159271240234375,0.0423756117729153,0.02431621551513672,0.006460325688340342,7,0.9,1.0,0.07,"{'max_depth': 7, 'max_features': 0.9, 'max_samples': 1.0, 'min_samples_split': 0.07}",0.781038374717833,0.871331828442438,0.7945823927765236,0.8284424379232506,0.8031674208144797,0.8157124909349049,0.031817342513312405,96
0.5486874580383301,0.007977806514950066,0.015627670288085937,1.4910904559932306e-05,7,0.9,1.0,0.1,"{'max_depth': 7, 'max_features': 0.9, 'max_samples': 1.0, 'min_samples_split': 0.1}",0.7584650112866818,0.8261851015801355,0.7765237020316027,0.801354401805869,0.7986425339366516,0.7922341501281881,0.023082835162456725,151
0.7287904739379882,0.08672247588866434,0.024991941452026368,0.007654499868277802,7,1.0,0.7,0.01,"{'max_depth': 7, 'max_features': 1.0, 'max_samples': 0.7, 'min_samples_split': 0.01}",0.8510158013544018,0.9142212189616253,0.8577878103837472,0.8758465011286681,0.8733031674208145,0.8744348998498512,0.021962715619691688,30
0.6689228534698486,0.05564178988101218,0.01561422348022461,1.44579982978966e-05,7,1.0,0.7,0.03,"{'max_depth': 7, 'max_features': 1.0, 'max_samples': 0.7, 'min_samples_split': 0.03}",0.8261851015801355,0.873589164785553,0.8306997742663657,0.8510158013544018,0.8393665158371041,0.844171271564712,0.01697250280524456,57
0.5493563652038574,0.01064273114197207,0.015621805191040039,1.0070186654063642e-06,7,1.0,0.7,0.07,"{'max_depth': 7, 'max_features': 1.0, 'max_samples': 0.7, 'min_samples_split': 0.07}",0.7697516930022573,0.8284424379232506,0.8081264108352144,0.8081264108352144,0.8054298642533937,0.8039753633698661,0.019007763222278148,122
0.53607177734375,0.044052736728652966,0.015843629837036133,0.0007360649032278431,7,1.0,0.7,0.1,"{'max_depth': 7, 'max_features': 1.0, 'max_samples': 0.7, 'min_samples_split': 0.1}",0.7584650112866818,0.8036117381489842,0.7720090293453724,0.781038374717833,0.7895927601809954,0.7809433827359733,0.015321716250564912,187
0.7628247737884521,0.07344409178296868,0.025679254531860353,0.006896577153586431,7,1.0,0.8,0.01,"{'max_depth': 7, 'max_features': 1.0, 'max_samples': 0.8, 'min_samples_split': 0.01}",0.8600451467268623,0.909706546275395,0.8487584650112867,0.8781038374717833,0.8755656108597285,0.8744359212690112,0.020616367031915196,29
0.678617286682129,0.007974601081864915,0.018562936782836915,0.005879330914244364,7,1.0,0.8,0.03,"{'max_depth': 7, 'max_features': 1.0, 'max_samples': 0.8, 'min_samples_split': 0.03}",0.8126410835214447,0.8826185101580135,0.835214446952596,0.8510158013544018,0.8393665158371041,0.844171271564712,0.022901968851040688,57
0.5757707118988037,0.009161249466152533,0.021979093551635742,0.00779003824356748,7,1.0,0.8,0.07,"{'max_depth': 7, 'max_features': 1.0, 'max_samples': 0.8, 'min_samples_split': 0.07}",0.7832957110609481,0.8329571106094809,0.7990970654627539,0.8171557562076749,0.7941176470588235,0.8053246580799363,0.017624879167268244,119
0.5918292999267578,0.07847512258035774,0.01873927116394043,0.006251562162055524,7,1.0,0.8,0.1,"{'max_depth': 7, 'max_features': 1.0, 'max_samples': 0.8, 'min_samples_split': 0.1}",0.7674943566591422,0.8058690744920993,0.7878103837471784,0.7832957110609481,0.7918552036199095,0.7872649459158555,0.012442769733382958,170
0.7714151382446289,0.05765394361943235,0.019318580627441406,0.007391334131237225,7,1.0,0.9,0.01,"{'max_depth': 7, 'max_features': 1.0, 'max_samples': 0.9, 'min_samples_split': 0.01}",0.8600451467268623,0.9164785553047404,0.8600451467268623,0.8781038374717833,0.8936651583710408,0.8816675689202578,0.021463948334572117,22
0.7024951457977295,0.0230979750007698,0.02187056541442871,0.007651657640422982,7,1.0,0.9,0.03,"{'max_depth': 7, 'max_features': 1.0, 'max_samples': 0.9, 'min_samples_split': 0.03}",0.835214446952596,0.8803611738148984,0.8329571106094809,0.8555304740406321,0.8552036199095022,0.8518533650654219,0.01715437277233758,48
0.6510409355163574,0.06381772973783555,0.021871328353881836,0.007652689372029743,7,1.0,0.9,0.07,"{'max_depth': 7, 'max_features': 1.0, 'max_samples': 0.9, 'min_samples_split': 0.07}",0.7878103837471784,0.8419864559819413,0.8036117381489842,0.8126410835214447,0.8031674208144797,0.8098434164428057,0.017943573744664317,108
0.571953010559082,0.005415931509107486,0.015613174438476563,1.3013898566173238e-05,7,1.0,0.9,0.1,"{'max_depth': 7, 'max_features': 1.0, 'max_samples': 0.9, 'min_samples_split': 0.1}",0.7674943566591422,0.8171557562076749,0.7968397291196389,0.7855530474040632,0.7941176470588235,0.7922321072898685,0.01614025936440137,153
0.7484091758728028,0.0030879944492947678,0.02572917938232422,0.008360630114891634,7,1.0,1.0,0.01,"{'max_depth': 7, 'max_features': 1.0, 'max_samples': 1.0, 'min_samples_split': 0.01}",0.8600451467268623,0.9119638826185101,0.8781038374717833,0.8871331828442438,0.8755656108597285,0.8825623321042256,0.017095027165879607,20
0.8018908023834228,0.14327503182239926,0.018752861022949218,0.0062433376873105365,7,1.0,1.0,0.03,"{'max_depth': 7, 'max_features': 1.0, 'max_samples': 1.0, 'min_samples_split': 0.03}",0.8329571106094809,0.8871331828442438,0.837471783295711,0.8555304740406321,0.8619909502262444,0.8550167002032625,0.019363998484333997,43
0.6847270965576172,0.06698432611351532,0.01874680519104004,0.006247544449451627,7,1.0,1.0,0.07,"{'max_depth': 7, 'max_features': 1.0, 'max_samples': 1.0, 'min_samples_split': 0.07}",0.7900677200902935,0.8419864559819413,0.8081264108352144,0.8194130925507901,0.8054298642533937,0.8130047087423267,0.01725277116305112,103
0.5839534759521484,0.015594512403944806,0.015712213516235352,0.00018086442839270302,7,1.0,1.0,0.1,"{'max_depth': 7, 'max_features': 1.0, 'max_samples': 1.0, 'min_samples_split': 0.1}",0.7697516930022573,0.8194130925507901,0.7990970654627539,0.7945823927765236,0.7941176470588235,0.7953923781702297,0.015814203608878533,140
0.6219370365142822,0.06097153819478246,0.025014305114746095,0.0076397723137968335,10,0.7,0.7,0.01,"{'max_depth': 10, 'max_features': 0.7, 'max_samples': 0.7, 'min_samples_split': 0.01}",0.8871331828442438,0.9367945823927766,0.8848758465011287,0.90744920993228,0.9049773755656109,0.904246039447208,0.01864541250514986,16
0.5181009292602539,0.004696936377512814,0.0222074031829834,0.008083267277657003,10,0.7,0.7,0.03,"{'max_depth': 10, 'max_features': 0.7, 'max_samples': 0.7, 'min_samples_split': 0.03}",0.8171557562076749,0.8893905191873589,0.8261851015801355,0.8555304740406321,0.8280542986425339,0.8432632299316671,0.02639237138002231,60
0.45084619522094727,0.006654118728040353,0.025,0.007657487628229052,10,0.7,0.7,0.07,"{'max_depth': 10, 'max_features': 0.7, 'max_samples': 0.7, 'min_samples_split': 0.07}",0.7697516930022573,0.8216704288939052,0.7878103837471784,0.8058690744920993,0.8076923076923077,0.7985587775655496,0.017979912856105135,133
0.4158493518829346,0.007440465222906492,0.01875162124633789,0.006260633549435475,10,0.7,0.7,0.1,"{'max_depth': 10, 'max_features': 0.7, 'max_samples': 0.7, 'min_samples_split': 0.1}",0.7471783295711061,0.7923250564334086,0.7720090293453724,0.7878103837471784,0.7941176470588235,0.7786880892311777,0.017576855129753394,189
0.6706098079681396,0.08641615215275276,0.024993276596069335,0.007652572565315633,10,0.7,0.8,0.01,"{'max_depth': 10, 'max_features': 0.7, 'max_samples': 0.8, 'min_samples_split': 0.01}",0.9006772009029346,0.9435665914221218,0.9029345372460497,0.9142212189616253,0.9072398190045249,0.9137278735074512,0.015617320454183875,12
0.564520263671875,0.03330369111610815,0.01944899559020996,0.006487106973689431,10,0.7,0.8,0.03,"{'max_depth': 10, 'max_features': 0.7, 'max_samples': 0.8, 'min_samples_split': 0.03}",0.8194130925507901,0.8871331828442438,0.8419864559819413,0.8600451467268623,0.8438914027149321,0.850493856163754,0.022430557403608505,50
0.4769505500793457,0.011722719780426473,0.018744277954101562,0.006248331230969848,10,0.7,0.8,0.07,"{'max_depth': 10, 'max_features': 0.7, 'max_samples': 0.8, 'min_samples_split': 0.07}",0.7787810383747178,0.8284424379232506,0.7990970654627539,0.8058690744920993,0.7963800904977375,0.8017139413501118,0.01608038372484922,127
0.43927707672119143,0.007900576872031627,0.01775212287902832,0.004245203481406123,10,0.7,0.8,0.1,"{'max_depth': 10, 'max_features': 0.7, 'max_samples': 0.8, 'min_samples_split': 0.1}",0.7652370203160271,0.8126410835214447,0.781038374717833,0.7923250564334086,0.7963800904977375,0.7895243250972902,0.015818436475608943,160
0.6623885154724121,0.0703532715350477,0.021869134902954102,0.007653993829637599,10,0.7,0.9,0.01,"{'max_depth': 10, 'max_features': 0.7, 'max_samples': 0.9, 'min_samples_split': 0.01}",0.9119638826185101,0.9390519187358917,0.8984198645598194,0.9142212189616253,0.9117647058823529,0.9150843181516398,0.013218561003579694,9
0.5820370197296143,0.008998122563416092,0.015621137619018555,2.0309009017035347e-06,10,0.7,0.9,0.03,"{'max_depth': 10, 'max_features': 0.7, 'max_samples': 0.9, 'min_samples_split': 0.03}",0.837471783295711,0.9006772009029346,0.8442437923250564,0.8600451467268623,0.8619909502262444,0.8608857746953618,0.021956576410928318,38
0.49181060791015624,0.02013823917201714,0.018746185302734374,0.006247258314407892,10,0.7,0.9,0.07,"{'max_depth': 10, 'max_features': 0.7, 'max_samples': 0.9, 'min_samples_split': 0.07}",0.7765237020316027,0.8510158013544018,0.7990970654627539,0.8126410835214447,0.8054298642533937,0.8089415033247194,0.02426557996334684,110
0.4925572395324707,0.06566915589262126,0.01562185287475586,5.091227651611e-07,10,0.7,0.9,0.1,"{'max_depth': 10, 'max_features': 0.7, 'max_samples': 0.9, 'min_samples_split': 0.1}",0.7697516930022573,0.8148984198645598,0.7878103837471784,0.7878103837471784,0.8076923076923077,0.7935926376106963,0.016049901016307384,146
0.6978244304656982,0.11038854692121335,0.022727346420288085,0.007127603942746761,10,0.7,1.0,0.01,"{'max_depth': 10, 'max_features': 0.7, 'max_samples': 1.0, 'min_samples_split': 0.01}",0.9300225733634312,0.9390519187358917,0.90744920993228,0.9209932279909706,0.918552036199095,0.9232137932443336,0.010699445607997784,3
0.5751598358154297,0.0054916930224085826,0.024991941452026368,0.007650607197274953,10,0.7,1.0,0.03,"{'max_depth': 10, 'max_features': 0.7, 'max_samples': 1.0, 'min_samples_split': 0.03}",0.8487584650112867,0.9051918735891648,0.8397291196388262,0.8645598194130926,0.8574660633484162,0.8631410682001572,0.022616221518470276,35
0.5036918640136718,0.01746817083535783,0.020055246353149415,0.006135792734163877,10,0.7,1.0,0.07,"{'max_depth': 10, 'max_features': 0.7, 'max_samples': 1.0, 'min_samples_split': 0.07}",0.7945823927765236,0.8532731376975169,0.8036117381489842,0.8148984198645598,0.8054298642533937,0.8143591105481957,0.020498528640942797,99
0.47179412841796875,0.00450127805899718,0.023609685897827148,0.006420411703500084,10,0.7,1.0,0.1,"{'max_depth': 10, 'max_features': 0.7, 'max_samples': 1.0, 'min_samples_split': 0.1}",0.7562076749435666,0.8194130925507901,0.7765237020316027,0.7900677200902935,0.7963800904977375,0.7877184560227981,0.0209921165165614,166
0.6736623287200928,0.07314044112876257,0.01562356948852539,1.9775811532333106e-06,10,0.8,0.7,0.01,"{'max_depth': 10, 'max_features': 0.8, 'max_samples': 0.7, 'min_samples_split': 0.01}",0.8893905191873589,0.9435665914221218,0.8826185101580135,0.9164785553047404,0.8959276018099548,0.9055963555764379,0.02210998142759516,15
0.5808248519897461,0.006748664105364638,0.016459178924560548,0.0010506561861131848,10,0.8,0.7,0.03,"{'max_depth': 10, 'max_features': 0.8, 'max_samples': 0.7, 'min_samples_split': 0.03}",0.8261851015801355,0.8803611738148984,0.835214446952596,0.8532731376975169,0.8393665158371041,0.8468800751764501,0.01888214819553639,53
0.5242955207824707,0.05173357306963747,0.015627098083496094,1.4249694281556496e-05,10,0.8,0.7,0.07,"{'max_depth': 10, 'max_features': 0.8, 'max_samples': 0.7, 'min_samples_split': 0.07}",0.7607223476297968,0.837471783295711,0.7968397291196389,0.801354401805869,0.8054298642533937,0.8003636252208819,0.0244438644435295,130
0.5051825523376465,0.07884871772143565,0.02277989387512207,0.007095354456392773,10,0.8,0.7,0.1,"{'max_depth': 10, 'max_features': 0.8, 'max_samples': 0.7, 'min_samples_split': 0.1}",0.744920993227991,0.801354401805869,0.7720090293453724,0.781038374717833,0.7941176470588235,0.7786880892311777,0.019708797202293495,189
0.7158050060272216,0.06913212164583743,0.024547243118286134,0.006284742379883059,10,0.8,0.8,0.01,"{'max_depth': 10, 'max_features': 0.8, 'max_samples': 0.8, 'min_samples_split': 0.01}",0.8961625282167043,0.9367945823927766,0.90744920993228,0.9142212189616253,0.916289592760181,0.9141834264527133,0.013310177933528696,11
0.6009584903717041,0.012532884078037033,0.019779109954833986,0.006071323340282317,10,0.8,0.8,0.03,"{'max_depth': 10, 'max_features': 0.8, 'max_samples': 0.8, 'min_samples_split': 0.03}",0.837471783295711,0.8803611738148984,0.837471783295711,0.8532731376975169,0.8416289592760181,0.8500413674759711,0.01622647527867252,51
0.5152688026428223,0.010866937448553675,0.015962600708007812,0.0006821178631575139,10,0.8,0.8,0.07,"{'max_depth': 10, 'max_features': 0.8, 'max_samples': 0.8, 'min_samples_split': 0.07}",0.7855530474040632,0.835214446952596,0.7923250564334086,0.8103837471783296,0.8009049773755657,0.8048762550687926,0.01730565424519356,120
0.506588077545166,0.053692145108144386,0.02500128746032715,0.007643060236546568,10,0.8,0.8,0.1,"{'max_depth': 10, 'max_features': 0.8, 'max_samples': 0.8, 'min_samples_split': 0.1}",0.7629796839729119,0.8058690744920993,0.7832957110609481,0.7832957110609481,0.7963800904977375,0.786364054216929,0.014466686074345142,172
0.6961681842803955,0.017221599894527966,0.022811746597290038,0.00891431176109519,10,0.8,0.9,0.01,"{'max_depth': 10, 'max_features': 0.8, 'max_samples': 0.9, 'min_samples_split': 0.01}",0.9051918735891648,0.9367945823927766,0.9164785553047404,0.9142212189616253,0.916289592760181,0.9177951646016977,0.010359479859486702,8
0.6188689708709717,0.01450675173906813,0.02186722755432129,0.007648640371756539,10,0.8,0.9,0.03,"{'max_depth': 10, 'max_features': 0.8, 'max_samples': 0.9, 'min_samples_split': 0.03}",0.8487584650112867,0.8893905191873589,0.8329571106094809,0.8623024830699775,0.8597285067873304,0.8586274169330868,0.018533471391334138,41
0.5651937961578369,0.07104511858103289,0.022168636322021484,0.007428377064160895,10,0.8,0.9,0.07,"{'max_depth': 10, 'max_features': 0.8, 'max_samples': 0.9, 'min_samples_split': 0.07}",0.7855530474040632,0.835214446952596,0.8058690744920993,0.8171557562076749,0.8054298642533937,0.8098444378619654,0.01626318764361537,107
0.5488099098205567,0.07318443267101252,0.01875019073486328,0.006260991266046549,10,0.8,0.9,0.1,"{'max_depth': 10, 'max_features': 0.8, 'max_samples': 0.9, 'min_samples_split': 0.1}",0.7652370203160271,0.8171557562076749,0.7900677200902935,0.7990970654627539,0.7986425339366516,0.7940400192026802,0.016890743388849626,141
0.7124023914337159,0.014280437912676306,0.018739652633666993,0.006250775556229749,10,0.8,1.0,0.01,"{'max_depth': 10, 'max_features': 0.8, 'max_samples': 1.0, 'min_samples_split': 0.01}",0.9164785553047404,0.9413092550790068,0.90744920993228,0.9345372460496614,0.9253393665158371,0.9250227265763051,0.012146676107356745,2
0.664598798751831,0.011969360219551218,0.015620565414428711,2.976319605699012e-06,10,0.8,1.0,0.03,"{'max_depth': 10, 'max_features': 0.8, 'max_samples': 1.0, 'min_samples_split': 0.03}",0.837471783295711,0.891647855530474,0.8419864559819413,0.871331828442438,0.8710407239819005,0.862695729446493,0.02023644341920589,36
0.6057525157928467,0.08638954401650534,0.015621566772460937,1.2669878249727652e-06,10,0.8,1.0,0.07,"{'max_depth': 10, 'max_features': 0.8, 'max_samples': 1.0, 'min_samples_split': 0.07}",0.7674943566591422,0.837471783295711,0.7968397291196389,0.8171557562076749,0.7986425339366516,0.8035208318437637,0.02325906320216295,124
0.5172556400299072,0.007363551971997682,0.016329479217529298,0.0014321406496886127,10,0.8,1.0,0.1,"{'max_depth': 10, 'max_features': 0.8, 'max_samples': 1.0, 'min_samples_split': 0.1}",0.7629796839729119,0.8171557562076749,0.7900677200902935,0.7855530474040632,0.7963800904977375,0.7904272596345361,0.01747630022400808,156
0.6886462211608887,0.0056655641489161915,0.02247343063354492,0.008444247295374994,10,0.9,0.7,0.01,"{'max_depth': 10, 'max_features': 0.9, 'max_samples': 0.7, 'min_samples_split': 0.01}",0.9006772009029346,0.9413092550790068,0.9029345372460497,0.9142212189616253,0.9004524886877828,0.9119189401754799,0.015541343605541711,13
0.6345263004302979,0.02560343619485414,0.02499866485595703,0.007641505631804557,10,0.9,0.7,0.03,"{'max_depth': 10, 'max_features': 0.9, 'max_samples': 0.7, 'min_samples_split': 0.03}",0.837471783295711,0.8893905191873589,0.837471783295711,0.8555304740406321,0.8529411764705882,0.8545611472580003,0.01897757502964154,44
0.6104352951049805,0.0843100367589908,0.018746471405029295,0.006248664879608946,10,0.9,0.7,0.07,"{'max_depth': 10, 'max_features': 0.9, 'max_samples': 0.7, 'min_samples_split': 0.07}",0.7720090293453724,0.8239277652370203,0.7900677200902935,0.8148984198645598,0.7986425339366516,0.7999090936947797,0.018321827858721666,131
0.47668848037719724,0.0015353163589336427,0.01874518394470215,0.006248235865360167,10,0.9,0.7,0.1,"{'max_depth': 10, 'max_features': 0.9, 'max_samples': 0.7, 'min_samples_split': 0.1}",0.7471783295711061,0.7968397291196389,0.7674943566591422,0.7855530474040632,0.7941176470588235,0.7782366219625547,0.01861089157116897,192
0.738458251953125,0.004431334692445021,0.01660642623901367,0.008374731898282646,10,0.9,0.8,0.01,"{'max_depth': 10, 'max_features': 0.9, 'max_samples': 0.8, 'min_samples_split': 0.01}",0.8984198645598194,0.9413092550790068,0.9142212189616253,0.9142212189616253,0.9049773755656109,0.9146297866255375,0.014615461023711158,10
0.7219155311584473,0.08287623115802069,0.01902480125427246,0.006132791392575622,10,0.9,0.8,0.03,"{'max_depth': 10, 'max_features': 0.9, 'max_samples': 0.8, 'min_samples_split': 0.03}",0.8397291196388262,0.891647855530474,0.835214446952596,0.8758465011286681,0.8484162895927602,0.8581708425686649,0.021887822415384714,42
0.6300933361053467,0.10282604132364749,0.020928049087524415,0.01062971001064724,10,0.9,0.8,0.07,"{'max_depth': 10, 'max_features': 0.9, 'max_samples': 0.8, 'min_samples_split': 0.07}",0.781038374717833,0.835214446952596,0.7990970654627539,0.8103837471783296,0.8009049773755657,0.8053277223374156,0.017703863201503942,118
0.5014857292175293,0.013763455364767588,0.015929174423217774,0.0005813664142797734,10,0.9,0.8,0.1,"{'max_depth': 10, 'max_features': 0.9, 'max_samples': 0.8, 'min_samples_split': 0.1}",0.7629796839729119,0.8103837471783296,0.7855530474040632,0.7900677200902935,0.7963800904977375,0.7890728578286671,0.015503433118925061,161
0.8407538414001465,0.13391020033728918,0.026742172241210938,0.011651306353799611,10,0.9,0.9,0.01,"{'max_depth': 10, 'max_features': 0.9, 'max_samples': 0.9, 'min_samples_split': 0.01}",0.9051918735891648,0.9435665914221218,0.9142212189616253,0.9164785553047404,0.9230769230769231,0.9205070324709151,0.012873552486211757,5
0.6910409927368164,0.011531768027765241,0.025001096725463866,0.007659359163427328,10,0.9,0.9,0.03,"{'max_depth': 10, 'max_features': 0.9, 'max_samples': 0.9, 'min_samples_split': 0.03}",0.8419864559819413,0.891647855530474,0.8397291196388262,0.8645598194130926,0.8665158371040724,0.8608878175336813,0.01895410301104525,37
0.5973061084747314,0.012183044617123032,0.01425776481628418,0.004234212462823896,10,0.9,0.9,0.07,"{'max_depth': 10, 'max_features': 0.9, 'max_samples': 0.9, 'min_samples_split': 0.07}",0.781038374717833,0.8397291196388262,0.8148984198645598,0.8239277652370203,0.8076923076923077,0.8134571974301095,0.019422347070241385,101
0.5282034397125244,0.010514316524514452,0.024626636505126955,0.005983016575359876,10,0.9,0.9,0.1,"{'max_depth': 10, 'max_features': 0.9, 'max_samples': 0.9, 'min_samples_split': 0.1}",0.7674943566591422,0.8103837471783296,0.7832957110609481,0.7923250564334086,0.7918552036199095,0.7890708149903476,0.013939005455005002,162
0.8389280319213868,0.07899061507912374,0.028117799758911134,0.006248068850221745,10,0.9,1.0,0.01,"{'max_depth': 10, 'max_features': 0.9, 'max_samples': 1.0, 'min_samples_split': 0.01}",0.90744920993228,0.9525959367945824,0.9142212189616253,0.9164785553047404,0.918552036199095,0.9218593914384646,0.015815323116732054,4
0.7037786960601806,0.0023335308110100116,0.024050569534301756,0.007082858825439768,10,0.9,1.0,0.03,"{'max_depth': 10, 'max_features': 0.9, 'max_samples': 1.0, 'min_samples_split': 0.03}",0.8442437923250564,0.891647855530474,0.8532731376975169,0.8803611738148984,0.8665158371040724,0.8672083592944038,0.01727615020837402,33
0.6261058330535889,0.054774079370874716,0.01873955726623535,0.0062347174226433785,10,0.9,1.0,0.07,"{'max_depth': 10, 'max_features': 0.9, 'max_samples': 1.0, 'min_samples_split': 0.07}",0.7945823927765236,0.8555304740406321,0.8126410835214447,0.8306997742663657,0.8054298642533937,0.819776717771672,0.02139695186009251,88
0.5965257167816163,0.06980501206910139,0.01562204360961914,1.5421830776973941e-06,10,0.9,1.0,0.1,"{'max_depth': 10, 'max_features': 0.9, 'max_samples': 1.0, 'min_samples_split': 0.1}",0.7697516930022573,0.8194130925507901,0.8036117381489842,0.801354401805869,0.8031674208144797,0.7994596692644761,0.016219001593322815,132
0.7569328784942627,0.015295359421160783,0.01674542427062988,0.0022465725000118033,10,1.0,0.7,0.01,"{'max_depth': 10, 'max_features': 1.0, 'max_samples': 0.7, 'min_samples_split': 0.01}",0.8984198645598194,0.9390519187358917,0.8939051918735892,0.9164785553047404,0.9072398190045249,0.9110190698957131,0.01600971035577083,14
0.683708381652832,0.014206115227583497,0.01562042236328125,1.9509575410345823e-06,10,1.0,0.7,0.03,"{'max_depth': 10, 'max_features': 1.0, 'max_samples': 0.7, 'min_samples_split': 0.03}",0.8329571106094809,0.8826185101580135,0.837471783295711,0.8623024830699775,0.8461538461538461,0.8523007466574057,0.018171738005392176,46
0.7000030040740967,0.1438686076839056,0.021877145767211913,0.007646782112233572,10,1.0,0.7,0.07,"{'max_depth': 10, 'max_features': 1.0, 'max_samples': 0.7, 'min_samples_split': 0.07}",0.7697516930022573,0.8329571106094809,0.8036117381489842,0.8081264108352144,0.7918552036199095,0.8012604312431693,0.02068143464537271,129
0.5088776588439942,0.01401217728070842,0.021955442428588868,0.007570355037408114,10,1.0,0.7,0.1,"{'max_depth': 10, 'max_features': 1.0, 'max_samples': 0.7, 'min_samples_split': 0.1}",0.7516930022573364,0.801354401805869,0.781038374717833,0.7855530474040632,0.7895927601809954,0.7818463172732193,0.016517795044976333,184
0.818866491317749,0.06107113041209169,0.018744611740112306,0.006248283508136239,10,1.0,0.8,0.01,"{'max_depth': 10, 'max_features': 1.0, 'max_samples': 0.8, 'min_samples_split': 0.01}",0.90744920993228,0.9435665914221218,0.9164785553047404,0.9187358916478555,0.9095022624434389,0.9191465021500873,0.012910966703979574,7
0.7718492031097413,0.07233538663214817,0.018745565414428712,0.006246853120443137,10,1.0,0.8,0.03,"{'max_depth': 10, 'max_features': 1.0, 'max_samples': 0.8, 'min_samples_split': 0.03}",0.837471783295711,0.8893905191873589,0.835214446952596,0.8758465011286681,0.8619909502262444,0.8599828401581157,0.021169415742372254,39
0.5912439823150635,0.009352837384853933,0.02187032699584961,0.0076529229052385355,10,1.0,0.8,0.07,"{'max_depth': 10, 'max_features': 1.0, 'max_samples': 0.8, 'min_samples_split': 0.07}",0.7787810383747178,0.8397291196388262,0.7945823927765236,0.8126410835214447,0.8076923076923077,0.806685188400764,0.020265772219286188,115
0.5861144542694092,0.09379233501849676,0.0240814208984375,0.008889847674570578,10,1.0,0.8,0.1,"{'max_depth': 10, 'max_features': 1.0, 'max_samples': 0.8, 'min_samples_split': 0.1}",0.7607223476297968,0.801354401805869,0.7900677200902935,0.7900677200902935,0.7895927601809954,0.7863609899594497,0.013565149572303982,174
0.8788355350494385,0.07382094285027462,0.024993038177490233,0.007652864809017742,10,1.0,0.9,0.01,"{'max_depth': 10, 'max_features': 1.0, 'max_samples': 0.9, 'min_samples_split': 0.01}",0.9142212189616253,0.9367945823927766,0.9119638826185101,0.9209932279909706,0.918552036199095,0.9205049896325954,0.008738873142138602,6
0.7534993648529053,0.016807047974886306,0.021869850158691407,0.007651658147074118,10,1.0,0.9,0.03,"{'max_depth': 10, 'max_features': 1.0, 'max_samples': 0.9, 'min_samples_split': 0.03}",0.837471783295711,0.8893905191873589,0.835214446952596,0.8645598194130926,0.8710407239819005,0.8595354585661319,0.020626474983618612,40
0.6423256874084473,0.07142297045740445,0.020152807235717773,0.009048232530017072,10,1.0,0.9,0.07,"{'max_depth': 10, 'max_features': 1.0, 'max_samples': 0.9, 'min_samples_split': 0.07}",0.781038374717833,0.8442437923250564,0.801354401805869,0.8284424379232506,0.8054298642533937,0.8121017742050805,0.022023086991474462,104
0.6224266529083252,0.08165842106261614,0.01867523193359375,0.004659258894238747,10,1.0,0.9,0.1,"{'max_depth': 10, 'max_features': 1.0, 'max_samples': 0.9, 'min_samples_split': 0.1}",0.7720090293453724,0.8081264108352144,0.7923250564334086,0.7990970654627539,0.7986425339366516,0.7940400192026802,0.01211188589255089,141
0.8965185642242431,0.046034257833674895,0.02187032699584961,0.007652533607955269,10,1.0,1.0,0.01,"{'max_depth': 10, 'max_features': 1.0, 'max_samples': 1.0, 'min_samples_split': 0.01}",0.9119638826185101,0.9480812641083521,0.9255079006772009,0.9255079006772009,0.918552036199095,0.9259225968560718,0.01216980975860266,1
0.8023273944854736,0.040275555147624056,0.02499523162841797,0.007638415282570776,10,1.0,1.0,0.03,"{'max_depth': 10, 'max_features': 1.0, 'max_samples': 1.0, 'min_samples_split': 0.03}",0.8442437923250564,0.891647855530474,0.8465011286681715,0.871331828442438,0.8755656108597285,0.8658580431651736,0.018062002080982707,34
0.6828237056732178,0.04893394945289824,0.023211097717285155,0.008457149453710535,10,1.0,1.0,0.07,"{'max_depth': 10, 'max_features': 1.0, 'max_samples': 1.0, 'min_samples_split': 0.07}",0.7832957110609481,0.8487584650112867,0.8103837471783296,0.8284424379232506,0.8076923076923077,0.8157145337732246,0.021898193527237337,95
0.5968963623046875,0.012033289562376924,0.016545820236206054,0.0018650439145392152,10,1.0,1.0,0.1,"{'max_depth': 10, 'max_features': 1.0, 'max_samples': 1.0, 'min_samples_split': 0.1}",0.7697516930022573,0.8216704288939052,0.7945823927765236,0.7878103837471784,0.7963800904977375,0.7940389977835205,0.01672088983741357,143
